text,label
I want to become a machine learning engineer at a top tech company like Google or Meta,ml_engineer
My goal is to land a job as an ML engineer and build large language models,ml_engineer
I'm trying to get hired as a machine learning engineer working on recommendation systems,ml_engineer
I want to master deep learning and get a role at an AI startup as a machine learning engineer,ml_engineer
My dream is to work on AI systems as a machine learning engineer in silicon valley,ml_engineer
I plan to become proficient in PyTorch and TensorFlow and build a career in machine learning,ml_engineer
I want to build neural networks and get a machine learning engineering role at a top firm,ml_engineer
My ambition is to work as an ML engineer specializing in NLP and large language models,ml_engineer
I want to transition from software engineering to machine learning and build AI products,ml_engineer
I am learning Python and scikit-learn to break into the machine learning engineering field,ml_engineer
My goal is to build and deploy production ML systems as a senior machine learning engineer,ml_engineer
I want to work on generative AI models and get a job as a machine learning engineer,ml_engineer
I'm aiming for a machine learning engineer role at FAANG companies building AI infrastructure,ml_engineer
I want to specialize in computer vision and get hired as an ML engineer at a robotics company,ml_engineer
My plan is to complete a machine learning bootcamp and land my first ML engineering job,ml_engineer
I want to become a machine learning researcher and engineer working on cutting edge AI systems,ml_engineer
I'm building ML models as a side project with the goal of becoming a professional ML engineer,ml_engineer
I want to get a machine learning internship and transition into a full time ML engineering role,ml_engineer
I want to become a full stack developer building modern web applications for startups,full_stack_dev
My goal is to master React and Node.js and land a full stack web development job,full_stack_dev
I want to build full stack web apps and freelance as a developer earning good income,full_stack_dev
My dream is to become a senior full stack developer at a product company,full_stack_dev
I am learning JavaScript TypeScript and Next.js to become a professional web developer,full_stack_dev
I want to build SaaS products as a full stack developer and eventually launch my own startup,full_stack_dev
My goal is to get a full stack developer job where I build features end to end,full_stack_dev
I want to transition into full stack development from a non tech background,full_stack_dev
I'm learning HTML CSS JavaScript React and Express to become a full stack web developer,full_stack_dev
My ambition is to become a full stack engineer at a remote first tech company,full_stack_dev
I want to build mobile friendly web applications and grow as a full stack developer,full_stack_dev
I plan to complete a web development bootcamp and land my first full stack developer job,full_stack_dev
I want to build REST APIs and React frontends as a professional full stack developer,full_stack_dev
My goal is to become a full stack engineer and eventually lead a web development team,full_stack_dev
I want to develop full stack skills to build my own tech products as a solo developer,full_stack_dev
I am passionate about web development and want to become a full stack developer in six months,full_stack_dev
I want to master backend and frontend development and get hired as a full stack developer,full_stack_dev
I want to become a licensed commercial airline pilot and fly for a major airline,commercial_pilot
My dream is to earn my commercial pilot license and fly passenger jets internationally,commercial_pilot
I am working toward getting my ATP license to become a commercial pilot,commercial_pilot
I want to complete flight training and become a first officer at a regional airline,commercial_pilot
My goal is to log enough flight hours to qualify for a commercial pilot certificate,commercial_pilot
I want to transition from military aviation to a commercial airline pilot career,commercial_pilot
I am studying for my instrument rating to get closer to my commercial pilot license,commercial_pilot
My dream career is to be a commercial pilot flying long haul international routes,commercial_pilot
I want to become a cargo pilot flying freight for a major logistics airline,commercial_pilot
I plan to enroll in a flight academy to earn my commercial pilot license in 18 months,commercial_pilot
My goal is to get hired by a major airline as a commercial pilot within three years,commercial_pilot
I want to fly for a budget airline as a commercial pilot after completing my ATPL training,commercial_pilot
I am building flight hours as a flight instructor to eventually become a commercial airline pilot,commercial_pilot
I want to become a helicopter commercial pilot working on offshore oil rig transport,commercial_pilot
I plan to get my commercial pilot license and eventually captain a wide body aircraft,commercial_pilot
I want to become a charter pilot and build hours toward a major airline commercial career,commercial_pilot
My goal is to complete PPL CPL and ATPL to become a full commercial airline pilot,commercial_pilot
I want to become a data scientist working with big data and building statistical models,data_scientist
My goal is to master SQL Python and statistics to land a data scientist role at a tech company,data_scientist
I want to build predictive models and work as a data scientist in the finance industry,data_scientist
I am learning pandas matplotlib and scikit-learn to become a professional data scientist,data_scientist
My dream is to become a data scientist at a top consulting firm doing advanced analytics,data_scientist
I want to use data science to extract insights from large datasets and solve business problems,data_scientist
My goal is to transition from business analyst to data scientist using Python and machine learning,data_scientist
I want to become a data scientist specializing in time series forecasting and anomaly detection,data_scientist
I am completing a data science bootcamp to land my first data scientist position,data_scientist
My ambition is to become a senior data scientist and lead analytics projects at a tech company,data_scientist
I want to work as a data scientist in healthcare analyzing patient data to improve outcomes,data_scientist
My goal is to build recommendation engines and work as a data scientist at an ecommerce company,data_scientist
I want to specialize in A/B testing and experimentation as a data scientist at a product company,data_scientist
I am studying statistics and probability to become a quantitative data scientist,data_scientist
My plan is to get a data science master's degree and then join a data team as a data scientist,data_scientist
I want to do data analysis build dashboards and create ML models as a data scientist,data_scientist
I want to become a product manager driving roadmap decisions at a top tech company,product_manager
My goal is to transition from engineering into product management and own a product,product_manager
I want to become a product manager working on mobile apps with a talented engineering team,product_manager
My dream is to be a senior product manager at a startup shaping the product vision,product_manager
I want to get a product manager role and use data to make product decisions that matter,product_manager
I am learning product strategy user research and roadmap prioritization to become a product manager,product_manager
My goal is to become a product manager and lead cross functional teams to ship great products,product_manager
I want to transition from project management to a product management role at a tech company,product_manager
My ambition is to become a chief product officer starting as a product manager at a startup,product_manager
I want to do user interviews define requirements and lead sprints as a product manager,product_manager
My plan is to get a product management certification and land my first PM job in six months,product_manager
I want to become an AI product manager working on machine learning powered products,product_manager
I am building product management skills to transition from marketing into a PM role,product_manager
My goal is to become a growth product manager driving user acquisition and retention metrics,product_manager
I want to join a top tech company as a product manager and eventually run a product line,product_manager
I am working toward becoming a B2B product manager at a SaaS company managing enterprise features,product_manager
I want to get fit and run a marathon in under four hours,other
My goal is to write and publish a novel in the next year,other
I want to save enough money to travel across Europe for three months,other
My dream is to open a small bakery and run my own food business,other
I want to learn to play the guitar well enough to perform at an open mic,other
My goal is to build a strong social media presence and become a content creator,other
I want to renovate my house and flip it for a profit in real estate,other
I am trying to lose thirty pounds and develop a healthy lifestyle,other
My goal is to start a YouTube channel about cooking and grow it to one hundred thousand subscribers,other
I want to learn Spanish fluently within two years by taking lessons and practicing daily,other
My dream is to become a successful entrepreneur and build a profitable business from scratch,other
I want to retire early by building passive income streams through investments and real estate,other
I am trying to get better at public speaking and overcome my fear of presentations,other
My goal is to become a professional photographer and sell my prints online,other
I want to achieve financial independence and leave my nine to five job within five years,other
I am learning to cook gourmet meals and want to eventually host a cooking show,other
